{
    "0": {"position": [-0.0, -0.0, 0.5], "rotation": [-0.0, -0.0, 0.0], "zoom": -20.005456924438477}, 
    "1": {"position": [-0.0, -0.0, 0.5], "rotation": [15.0, 0.0, 0.0], "zoom": -20.00001335144043},
    "2": {"position": [0.49693003, -1.2177523, -6.110329], "rotation": [75, 0, 0], "zoom": -8.039008140563965}
}