{
    "cameras": {
        "1": {
            "position": [
                0.1311531811952591,
                -1.146649718284607,
                -0.28454816341400146
            ],
            "rotation": [
                26.822973251342773,
                -1.8518518209457397,
                0.0
            ]
        }
    }
}