{
  "group_0": {
    "card_1": {
      "position": [
        -1.925925850868225,
        -1.2152777910232544,
        -6.113426208496094
      ],
      "rotation": [
        90.0,
        -0.0,
        -0.0
      ]
    },
    "card_2": {
      "position": [
        -0.7175924777984619,
        -1.2152777910232544,
        -6.113426208496094
      ],
      "rotation": [
        90.0,
        -0.0,
        -0.0
      ]
    },
    "card_3": {
      "position": [
        0.4930555820465088,
        -1.2152777910232544,
        -6.113426208496094
      ],
      "rotation": [
        90.0,
        -0.0,
        -0.0
      ]
    },
    "card_4": {
      "position": [
        1.7106482982635498,
        -1.2245370149612427,
        -6.113426208496094
      ],
      "rotation": [
        90.0,
        -0.0,
        -0.0
      ]
    },
    "card_5": {
      "position": [
        2.9236111640930176,
        -1.2245370149612427,
        -6.113426208496094
      ],
      "rotation": [
        90.0,
        -0.0,
        -0.0
      ]
    }
  },
  "group_1": {
    "card_6": {
      "position": [
        2.7273147106170654,
        -1.215278148651123,
        6.027776718139648
      ],
      "rotation": [
        90.0,
        0.0,
        -180.0
      ]
    },
    "card_7": {
      "position": [
        1.5189812183380127,
        -1.215278148651123,
        6.027776718139648
      ],
      "rotation": [
        90.0,
        0.0,
        -180.0
      ]
    },
    "card_8": {
      "position": [
        0.30833345651626587,
        -1.215278148651123,
        6.027776718139648
      ],
      "rotation": [
        90.0,
        0.0,
        -180.0
      ]
    },
    "card_9": {
      "position": [
        -0.9092588424682617,
        -1.2245371341705322,
        6.027777194976807
      ],
      "rotation": [
        90.0,
        0.0,
        -180.0
      ]
    },
    "card_10": {
      "position": [
        -2.1222214698791504,
        -1.2245371341705322,
        6.027777194976807
      ],
      "rotation": [
        90.0,
        0.0,
        -180.0
      ]
    }
  },
  "group_2": {
    "card_11": {
      "position": [
        5.890277862548828,
        -1.215278148651123,
        -2.448148250579834
      ],
      "rotation": [
        90.0,
        -0.0,
        -90.0
      ]
    },
    "card_12": {
      "position": [
        5.890277862548828,
        -1.215278148651123,
        -1.2398147583007812
      ],
      "rotation": [
        90.0,
        -0.0,
        -90.0
      ]
    },
    "card_13": {
      "position": [
        5.89027738571167,
        -1.215278148651123,
        -0.02916741371154785
      ],
      "rotation": [
        90.0,
        -0.0,
        -90.0
      ]
    },
    "card_14": {
      "position": [
        5.890277862548828,
        -1.2245370149612427,
        1.1884247064590454
      ],
      "rotation": [
        90.0,
        -0.0,
        -90.0
      ]
    },
    "card_15": {
      "position": [
        5.890277862548828,
        -1.2245371341705322,
        2.4013872146606445
      ],
      "rotation": [
        90.0,
        -0.0,
        -90.0
      ]
    }
  },
  "group_3": {
    "card_16": {
      "position": [
        -5.871295928955078,
        -1.215277910232544,
        2.39721941947937
      ],
      "rotation": [
        90.0,
        -0.0,
        90.0
      ]
    },
    "card_17": {
      "position": [
        -5.87129545211792,
        -1.215277910232544,
        1.1888868808746338
      ],
      "rotation": [
        -90.0,
        -0.0,
        90.0
      ]
    },
    "card_18": {
      "position": [
        -5.871294975280762,
        -1.2152780294418335,
        -0.021759964525699615
      ],
      "rotation": [
        90.0,
        -0.0,
        90.0
      ]
    },
    "card_19": {
      "position": [
        -5.871295928955078,
        -1.224536657333374,
        -1.2393512725830078
      ],
      "rotation": [
        90.0,
        -0.0,
        90.0
      ]
    },
    "card_20": {
      "position": [
        -5.871295928955078,
        -1.2245368957519531,
        -2.452312707901001
      ],
      "rotation": [
        90.0,
        -0.0,
        90.0
      ]
    }
  }
}